{
  "svm": {
    "model": "SVM (rbf)",
    "parameters": {
      "kernel": "rbf",
      "C": 1.0
    },
    "accuracy": 0.65,
    "precision": 0.6447058823529412,
    "recall": 0.65,
    "f1_score": 0.5827380952380953,
    "confusion_matrix": [
      [
        21,
        0,
        1,
        0,
        0
      ],
      [
        4,
        1,
        0,
        0,
        0
      ],
      [
        5,
        0,
        4,
        0,
        0
      ],
      [
        3,
        0,
        0,
        0,
        0
      ],
      [
        1,
        0,
        0,
        0,
        0
      ]
    ],
    "test_samples": 40
  },
  "logistic_regression": {
    "model": "Logistic Regression",
    "parameters": {
      "max_iter": 1000
    },
    "accuracy": 0.625,
    "precision": 0.51,
    "recall": 0.625,
    "f1_score": 0.5338345864661653,
    "confusion_matrix": [
      [
        21,
        0,
        1,
        0,
        0
      ],
      [
        5,
        0,
        0,
        0,
        0
      ],
      [
        5,
        0,
        4,
        0,
        0
      ],
      [
        3,
        0,
        0,
        0,
        0
      ],
      [
        1,
        0,
        0,
        0,
        0
      ]
    ],
    "test_samples": 40
  },
  "random_forest": {
    "model": "Random Forest",
    "parameters": {
      "n_estimators": 100
    },
    "accuracy": 0.575,
    "precision": 0.5708653846153846,
    "recall": 0.575,
    "f1_score": 0.5566163003663004,
    "confusion_matrix": [
      [
        17,
        3,
        1,
        1,
        0
      ],
      [
        3,
        2,
        0,
        0,
        0
      ],
      [
        2,
        3,
        4,
        0,
        0
      ],
      [
        3,
        0,
        0,
        0,
        0
      ],
      [
        1,
        0,
        0,
        0,
        0
      ]
    ],
    "test_samples": 40
  }
}