{
  "svm": {
    "model": "SVM (rbf)",
    "parameters": {
      "kernel": "rbf",
      "C": 1.0
    },
    "accuracy": 0.7,
    "precision": 0.5666666666666667,
    "recall": 0.7,
    "f1_score": 0.6230769230769231,
    "confusion_matrix": [
      [
        20,
        1,
        1,
        0,
        0
      ],
      [
        5,
        0,
        0,
        0,
        0
      ],
      [
        1,
        0,
        8,
        0,
        0
      ],
      [
        3,
        0,
        0,
        0,
        0
      ],
      [
        1,
        0,
        0,
        0,
        0
      ]
    ],
    "test_samples": 40
  },
  "logistic_regression": {
    "model": "Logistic Regression",
    "parameters": {
      "max_iter": 1000
    },
    "accuracy": 0.7,
    "precision": 0.5593103448275862,
    "recall": 0.7,
    "f1_score": 0.6208462332301341,
    "confusion_matrix": [
      [
        20,
        0,
        1,
        1,
        0
      ],
      [
        5,
        0,
        0,
        0,
        0
      ],
      [
        1,
        0,
        8,
        0,
        0
      ],
      [
        2,
        0,
        1,
        0,
        0
      ],
      [
        1,
        0,
        0,
        0,
        0
      ]
    ],
    "test_samples": 40
  },
  "random_forest": {
    "model": "Random Forest",
    "parameters": {
      "n_estimators": 100
    },
    "accuracy": 0.7,
    "precision": 0.5593103448275862,
    "recall": 0.7,
    "f1_score": 0.6208462332301341,
    "confusion_matrix": [
      [
        20,
        0,
        1,
        1,
        0
      ],
      [
        5,
        0,
        0,
        0,
        0
      ],
      [
        1,
        0,
        8,
        0,
        0
      ],
      [
        2,
        0,
        1,
        0,
        0
      ],
      [
        1,
        0,
        0,
        0,
        0
      ]
    ],
    "test_samples": 40
  }
}