{
  "svm": {
    "model": "SVM (rbf)",
    "parameters": {
      "kernel": "rbf",
      "C": 1.0
    },
    "accuracy": 0.725,
    "precision": 0.5725806451612903,
    "recall": 0.725,
    "f1_score": 0.6358490566037737,
    "confusion_matrix": [
      [
        21,
        0,
        1,
        0,
        0
      ],
      [
        5,
        0,
        0,
        0,
        0
      ],
      [
        1,
        0,
        8,
        0,
        0
      ],
      [
        3,
        0,
        0,
        0,
        0
      ],
      [
        1,
        0,
        0,
        0,
        0
      ]
    ],
    "test_samples": 40
  },
  "logistic_regression": {
    "model": "Logistic Regression",
    "parameters": {
      "max_iter": 1000
    },
    "accuracy": 0.675,
    "precision": 0.5506734006734006,
    "recall": 0.675,
    "f1_score": 0.6065306122448979,
    "confusion_matrix": [
      [
        19,
        0,
        2,
        1,
        0
      ],
      [
        4,
        0,
        0,
        1,
        0
      ],
      [
        1,
        0,
        8,
        0,
        0
      ],
      [
        2,
        0,
        1,
        0,
        0
      ],
      [
        1,
        0,
        0,
        0,
        0
      ]
    ],
    "test_samples": 40
  },
  "random_forest": {
    "model": "Random Forest",
    "parameters": {
      "n_estimators": 100
    },
    "accuracy": 0.7,
    "precision": 0.5728571428571428,
    "recall": 0.7,
    "f1_score": 0.6294736842105263,
    "confusion_matrix": [
      [
        20,
        0,
        1,
        1,
        0
      ],
      [
        4,
        0,
        0,
        1,
        0
      ],
      [
        1,
        0,
        8,
        0,
        0
      ],
      [
        2,
        0,
        1,
        0,
        0
      ],
      [
        1,
        0,
        0,
        0,
        0
      ]
    ],
    "test_samples": 40
  }
}