{
  "model": "logistic",
  "train_accuracy": 1.0,
  "test_accuracy": 0.75,
  "train_f1_weighted": 1.0,
  "test_f1_weighted": 0.7492521367521368,
  "generalization_gap_f1": 0.25074786324786325,
  "confusion_matrix": [
    [
      21,
      3,
      1
    ],
    [
      3,
      2,
      0
    ],
    [
      3,
      0,
      7
    ]
  ],
  "classification_report": {
    "0": {
      "precision": 0.7777777777777778,
      "recall": 0.84,
      "f1-score": 0.8076923076923077,
      "support": 25.0
    },
    "1": {
      "precision": 0.4,
      "recall": 0.4,
      "f1-score": 0.4,
      "support": 5.0
    },
    "2": {
      "precision": 0.875,
      "recall": 0.7,
      "f1-score": 0.7777777777777778,
      "support": 10.0
    },
    "accuracy": 0.75,
    "macro avg": {
      "precision": 0.6842592592592593,
      "recall": 0.6466666666666666,
      "f1-score": 0.6618233618233619,
      "support": 40.0
    },
    "weighted avg": {
      "precision": 0.7548611111111112,
      "recall": 0.75,
      "f1-score": 0.7492521367521368,
      "support": 40.0
    }
  },
  "best_cv_score": 0.6998311464102034,
  "best_params": {
    "clf__solver": "lbfgs",
    "clf__penalty": "l2",
    "clf__class_weight": null,
    "clf__C": 1
  },
  "fit_status": "overfitting"
}