{
  "model": "random_forest",
  "train_accuracy": 1.0,
  "test_accuracy": 0.825,
  "train_f1_weighted": 1.0,
  "test_f1_weighted": 0.815479145978153,
  "generalization_gap_f1": 0.18452085402184704,
  "confusion_matrix": [
    [
      23,
      1,
      1
    ],
    [
      3,
      2,
      0
    ],
    [
      2,
      0,
      8
    ]
  ],
  "classification_report": {
    "0": {
      "precision": 0.8214285714285714,
      "recall": 0.92,
      "f1-score": 0.8679245283018868,
      "support": 25.0
    },
    "1": {
      "precision": 0.6666666666666666,
      "recall": 0.4,
      "f1-score": 0.5,
      "support": 5.0
    },
    "2": {
      "precision": 0.8888888888888888,
      "recall": 0.8,
      "f1-score": 0.8421052631578947,
      "support": 10.0
    },
    "accuracy": 0.825,
    "macro avg": {
      "precision": 0.7923280423280423,
      "recall": 0.7066666666666667,
      "f1-score": 0.7366765971532606,
      "support": 40.0
    },
    "weighted avg": {
      "precision": 0.8189484126984127,
      "recall": 0.825,
      "f1-score": 0.815479145978153,
      "support": 40.0
    }
  },
  "best_cv_score": 0.69252154643602,
  "best_params": {
    "n_estimators": 200,
    "min_samples_split": 2,
    "min_samples_leaf": 1,
    "max_features": null,
    "max_depth": 12,
    "class_weight": null
  },
  "fit_status": "overfitting"
}