{
  "model": "svm",
  "train_accuracy": 0.9375,
  "test_accuracy": 0.775,
  "train_f1_weighted": 0.9370651294498382,
  "test_f1_weighted": 0.7747502774694783,
  "generalization_gap_f1": 0.1623148519803599,
  "confusion_matrix": [
    [
      22,
      3,
      0
    ],
    [
      3,
      2,
      0
    ],
    [
      3,
      0,
      7
    ]
  ],
  "classification_report": {
    "0": {
      "precision": 0.7857142857142857,
      "recall": 0.88,
      "f1-score": 0.8301886792452831,
      "support": 25.0
    },
    "1": {
      "precision": 0.4,
      "recall": 0.4,
      "f1-score": 0.4,
      "support": 5.0
    },
    "2": {
      "precision": 1.0,
      "recall": 0.7,
      "f1-score": 0.8235294117647058,
      "support": 10.0
    },
    "accuracy": 0.775,
    "macro avg": {
      "precision": 0.7285714285714286,
      "recall": 0.66,
      "f1-score": 0.6845726970033296,
      "support": 40.0
    },
    "weighted avg": {
      "precision": 0.7910714285714285,
      "recall": 0.775,
      "f1-score": 0.7747502774694783,
      "support": 40.0
    }
  },
  "best_cv_score": 0.7099749622071051,
  "best_params": {
    "clf__kernel": "rbf",
    "clf__gamma": "scale",
    "clf__class_weight": "balanced",
    "clf__C": 1
  },
  "fit_status": "overfitting"
}