{
  "svm": {
    "model": "SVM (rbf)",
    "parameters": {
      "kernel": "rbf",
      "C": 1.0
    },
    "accuracy": 0.625,
    "precision": 0.51,
    "recall": 0.625,
    "f1_score": 0.5338345864661653,
    "confusion_matrix": [
      [
        21,
        0,
        1,
        0,
        0
      ],
      [
        5,
        0,
        0,
        0,
        0
      ],
      [
        5,
        0,
        4,
        0,
        0
      ],
      [
        3,
        0,
        0,
        0,
        0
      ],
      [
        1,
        0,
        0,
        0,
        0
      ]
    ],
    "test_samples": 40
  },
  "logistic_regression": {
    "model": "Logistic Regression",
    "parameters": {
      "max_iter": 1000
    },
    "accuracy": 0.675,
    "precision": 0.5428571428571429,
    "recall": 0.675,
    "f1_score": 0.58875,
    "confusion_matrix": [
      [
        21,
        0,
        1,
        0,
        0
      ],
      [
        5,
        0,
        0,
        0,
        0
      ],
      [
        3,
        0,
        6,
        0,
        0
      ],
      [
        3,
        0,
        0,
        0,
        0
      ],
      [
        1,
        0,
        0,
        0,
        0
      ]
    ],
    "test_samples": 40
  },
  "random_forest": {
    "model": "Random Forest",
    "parameters": {
      "n_estimators": 100
    },
    "accuracy": 0.625,
    "precision": 0.5833333333333333,
    "recall": 0.625,
    "f1_score": 0.6030632411067194,
    "confusion_matrix": [
      [
        16,
        3,
        2,
        1,
        0
      ],
      [
        3,
        2,
        0,
        0,
        0
      ],
      [
        1,
        1,
        7,
        0,
        0
      ],
      [
        3,
        0,
        0,
        0,
        0
      ],
      [
        1,
        0,
        0,
        0,
        0
      ]
    ],
    "test_samples": 40
  }
}