{
  "timestamp": "2026-04-12T15:15:31.635765",
  "baseline": {
    "model": "SVM RBF - Full Preprocessing",
    "metrics": {
      "accuracy": 0.95,
      "precision": 0.95,
      "recall": 0.95,
      "f1_score": 0.95,
      "model": "Baseline SVM RBF"
    }
  },
  "optimized": {
    "model": "Optimized SVM RBF",
    "metrics": {
      "accuracy": 0.9,
      "precision": 0.878125,
      "recall": 0.9,
      "f1_score": 0.8887096774193548,
      "model": "Optimized SVM RBF"
    }
  },
  "improvements": {
    "accuracy": {
      "baseline": 0.95,
      "optimized": 0.9,
      "improvement": -0.04999999999999993,
      "improvement_pct": -5.263157894736835
    },
    "precision": {
      "baseline": 0.95,
      "optimized": 0.878125,
      "improvement": -0.07187499999999991,
      "improvement_pct": -7.565789473684202
    },
    "recall": {
      "baseline": 0.95,
      "optimized": 0.9,
      "improvement": -0.04999999999999993,
      "improvement_pct": -5.263157894736835
    },
    "f1_score": {
      "baseline": 0.95,
      "optimized": 0.8887096774193548,
      "improvement": -0.06129032258064515,
      "improvement_pct": -6.451612903225806
    }
  }
}