{
  "svm": {
    "accuracy": 0.8310214375788146,
    "f1": 0.8051767725860353
  },
  "logistic": {
    "accuracy": 0.8234552332912989,
    "f1": 0.797725645909172
  },
  "decision_tree": {
    "accuracy": 0.7465321563682219,
    "f1": 0.7321922207168109
  },
  "random_forest": {
    "accuracy": 0.8045397225725095,
    "f1": 0.7795383759677288
  }
}